"Country","Year","Unemployment Rate"
"Afghanistan",2021,5.679
"Afghanistan",2020,11.71
"Afghanistan",2017,11.184
"Angola",2022,14.094
"Angola",2021,15.766
"Angola",2019,16.431
"Albania",2023,10.669
"Albania",2022,10.785
"Albania",2021,11.474
"Albania",2020,11.639
"Albania",2019,11.466
"Albania",2018,12.304
"Albania",2017,13.616
"Albania",2016,15.418
"Albania",2015,17.193
"United Arab Emirates",2023,2.151
"United Arab Emirates",2022,2.872
"United Arab Emirates",2021,3.105
"United Arab Emirates",2020,4.294
"United Arab Emirates",2019,2.331
"United Arab Emirates",2018,2.236
"United Arab Emirates",2017,2.462
"United Arab Emirates",2016,1.64
"Argentina",2024,1.694
"Argentina",2023,6.139
"Argentina",2022,6.805
"Argentina",2021,8.736
"Argentina",2020,11.461
"Argentina",2019,9.843
"Argentina",2018,9.22
"Argentina",2017,8.347
"Armenia",2023,8.298
"Armenia",2022,8.262
"Armenia",2021,8.418
"Armenia",2020,8.055
"Armenia",2019,9.794
"Armenia",2018,10.589
"Armenia",2017,17.704
"Armenia",2016,17.617
"Armenia",2015,18.261
"Antigua and Barbuda",2023,5.37
"Antigua and Barbuda",2018,8.78
"Australia",2024,3.942
"Australia",2023,3.668
"Australia",2022,3.728
"Australia",2021,5.022
"Australia",2020,6.394
"Australia",2019,5.143
"Australia",2018,5.345
"Australia",2017,5.604
"Australia",2016,5.714
"Australia",2015,6.054
"Austria",2024,5.161
"Austria",2023,5.264
"Austria",2022,4.992
"Austria",2021,6.459
"Austria",2020,5.201
"Austria",2019,4.56
"Austria",2018,4.933
"Austria",2017,5.561
"Austria",2016,6.064
"Austria",2015,5.802
"Azerbaijan",2022,5.65
"Azerbaijan",2021,6.04
"Azerbaijan",2020,7.24
"Azerbaijan",2019,5
"Azerbaijan",2018,4.9
"Azerbaijan",2017,5
"Azerbaijan",2016,5
"Azerbaijan",2015,4.96
"Burundi",2020,1.03
"Belgium",2024,5.701
"Belgium",2023,5.547
"Belgium",2022,5.57
"Belgium",2021,6.248
"Belgium",2020,5.545
"Belgium",2019,5.364
"Belgium",2018,5.941
"Belgium",2017,7.09
"Belgium",2016,7.83
"Belgium",2015,8.482
"Benin",2022,1.685
"Benin",2019,1.214
"Burkina Faso",2024,3.441
"Burkina Faso",2023,5.348
"Burkina Faso",2022,1.927
"Burkina Faso",2019,1.56
"Burkina Faso",2018,4.695
"Bangladesh",2024,3.635
"Bangladesh",2024,NA
"Bangladesh",2023,3.352
"Bangladesh",2022,4.593
"Bangladesh",2017,4.372
"Bangladesh",2016,4.35
"Bulgaria",2024,4.165
"Bulgaria",2023,4.319
"Bulgaria",2022,4.148
"Bulgaria",2021,5.166
"Bulgaria",2020,5.037
"Bulgaria",2019,4.148
"Bulgaria",2018,5.211
"Bulgaria",2017,6.164
"Bulgaria",2016,7.575
"Bulgaria",2015,9.143
"Bahamas",2023,8.645
"Bahamas",2019,9.336
"Bahamas",2018,10
"Bahamas",2017,9.8
"Bahamas",2016,12.7
"Bahamas",2015,12
"Bosnia and Herzegovina",2024,10.706
"Bosnia and Herzegovina",2023,10.668
"Bosnia and Herzegovina",2022,12.657
"Bosnia and Herzegovina",2021,14.897
"Bosnia and Herzegovina",2020,15.868
"Bosnia and Herzegovina",2019,15.692
"Bosnia and Herzegovina",2018,18.4
"Bosnia and Herzegovina",2017,20.527
"Bosnia and Herzegovina",2016,25.408
"Bosnia and Herzegovina",2015,27.695
"Belarus",2024,3.039
"Belarus",2023,3.461
"Belarus",2022,3.574
"Belarus",2021,3.9
"Belarus",2020,4.049
"Belarus",2019,4.165
"Belarus",2018,4.763
"Belarus",2017,5.648
"Belarus",2016,5.844
"Belize",2019,9.053
"Belize",2018,9.346
"Belize",2017,6.596
"Belize",2016,7
"Belize",2015,7.578
"Bolivia (Plurinational State of)",2024,2.73
"Bolivia (Plurinational State of)",2023,2.948
"Bolivia (Plurinational State of)",2022,3.452
"Bolivia (Plurinational State of)",2021,4.936
"Bolivia (Plurinational State of)",2020,7.903
"Bolivia (Plurinational State of)",2019,3.682
"Bolivia (Plurinational State of)",2018,3.519
"Bolivia (Plurinational State of)",2017,3.655
"Bolivia (Plurinational State of)",2016,3.498
"Bolivia (Plurinational State of)",2015,3.111
"Brazil",2024,6.801
"Brazil",2023,7.947
"Brazil",2022,9.231
"Brazil",2021,13.158
"Brazil",2020,13.697
"Brazil",2019,11.936
"Brazil",2018,12.329
"Brazil",2017,12.792
"Brazil",2016,11.58
"Brazil",2015,8.538
"Barbados",2023,6.54
"Barbados",2022,7.261
"Barbados",2021,11.015
"Barbados",2019,8.41
"Barbados",2018,8.321
"Barbados",2017,8.62
"Barbados",2016,8.247
"Barbados",2015,9.803
"Brunei Darussalam",2024,4.871
"Brunei Darussalam",2023,5.296
"Brunei Darussalam",2022,5.191
"Brunei Darussalam",2021,4.905
"Brunei Darussalam",2020,7.409
"Brunei Darussalam",2019,6.6
"Brunei Darussalam",2018,8.7
"Brunei Darussalam",2017,9.316
"Bhutan",2024,3.282
"Bhutan",2023,3.126
"Bhutan",2022,5.947
"Bhutan",2021,4.803
"Bhutan",2020,5.03
"Bhutan",2019,2.72
"Bhutan",2018,3.35
"Bhutan",2015,2.45
"Botswana",2024,24.433
"Botswana",2023,23.381
"Botswana",2022,23.615
"Botswana",2021,23.106
"Botswana",2020,21.017
"Botswana",2019,20.094
"Canada",2024,6.351
"Canada",2023,5.415
"Canada",2022,5.279
"Canada",2021,7.527
"Canada",2020,9.657
"Canada",2019,5.69
"Canada",2018,5.837
"Canada",2017,6.426
"Canada",2016,7.038
"Canada",2015,6.945
"Switzerland",2024,4.343
"Switzerland",2023,4.043
"Switzerland",2022,4.122
"Switzerland",2021,5.013
"Switzerland",2020,4.817
"Switzerland",2019,4.394
"Switzerland",2018,4.713
"Switzerland",2017,4.797
"Switzerland",2016,4.918
"Switzerland",2015,4.801
"Chile",2024,8.756
"Chile",2023,9.091
"Chile",2022,8.331
"Chile",2021,9.417
"Chile",2020,11.18
"Chile",2019,7.559
"Chile",2018,7.673
"Chile",2017,7.257
"Chile",2016,6.926
"Chile",2015,6.605
"China",2021,5.11
"China",2020,5.61
"China",2019,5.15
"China",2018,4.93
"Côte d'Ivoire",2022,2.31
"Côte d'Ivoire",2019,2.401
"Côte d'Ivoire",2017,3.272
"Côte d'Ivoire",2016,1.896
"Cameroon",2021,3.275
"Congo, Democratic Republic of the",2020,1.466
"Cook Islands",2023,NA
"Cook Islands",2019,1.258
"Cook Islands",2016,0.786
"Colombia",2024,9.619
"Colombia",2023,9.591
"Colombia",2022,10.541
"Colombia",2021,13.898
"Colombia",2020,15.568
"Colombia",2019,10.28
"Colombia",2018,9.36
"Colombia",2017,9.086
"Colombia",2016,8.922
"Colombia",2015,8.572
"Comoros",2021,4.394
"Cabo Verde",2019,11.29
"Cabo Verde",2018,12.17
"Cabo Verde",2017,12.24
"Cabo Verde",2015,31.313
"Costa Rica",2024,6.936
"Costa Rica",2023,8.325
"Costa Rica",2022,11.325
"Costa Rica",2021,15.139
"Costa Rica",2020,16.432
"Costa Rica",2019,10.807
"Costa Rica",2018,9.01
"Costa Rica",2017,7.729
"Costa Rica",2016,8.085
"Costa Rica",2015,8.415
"Cuba",2018,1.7
"Cuba",2017,1.7
"Cuba",2016,2
"Cuba",2015,2.4
"Curaçao",2020,19.07
"Curaçao",2018,13.43
"Curaçao",2015,11.71
"Cayman Islands",2015,4.24
"Cyprus",2024,4.867
"Cyprus",2023,5.835
"Cyprus",2022,6.806
"Cyprus",2021,7.513
"Cyprus",2020,7.755
"Cyprus",2019,7.155
"Cyprus",2018,8.504
"Cyprus",2017,11.155
"Cyprus",2016,13.006
"Cyprus",2015,15.026
"Czechia",2024,2.603
"Czechia",2023,2.579
"Czechia",2022,2.224
"Czechia",2021,2.803
"Czechia",2020,2.55
"Czechia",2019,2.015
"Czechia",2018,2.246
"Czechia",2017,2.893
"Czechia",2016,3.952
"Czechia",2015,5.048
"Germany",2024,3.372
"Germany",2023,3.071
"Germany",2022,3.137
"Germany",2021,3.594
"Germany",2020,3.881
"Germany",2019,3.163
"Germany",2018,3.384
"Germany",2017,3.781
"Germany",2016,4.104
"Germany",2015,4.612
"Djibouti",2017,26.064
"Denmark",2024,6.151
"Denmark",2023,5.094
"Denmark",2022,4.434
"Denmark",2021,5.065
"Denmark",2020,5.644
"Denmark",2019,5.018
"Denmark",2018,5.131
"Denmark",2017,5.833
"Denmark",2016,5.989
"Denmark",2015,6.278
"Dominican Republic",2024,5.314
"Dominican Republic",2023,5.555
"Dominican Republic",2022,5.504
"Dominican Republic",2021,7.702
"Dominican Republic",2020,6.126
"Dominican Republic",2019,6.356
"Dominican Republic",2018,5.861
"Dominican Republic",2017,5.832
"Dominican Republic",2016,7.284
"Dominican Republic",2015,7.605
"Algeria",2017,12
"Algeria",2016,10.202
"Algeria",2015,11.206
"Ecuador",2024,3.453
"Ecuador",2023,3.51
"Ecuador",2022,3.713
"Ecuador",2021,4.504
"Ecuador",2020,6.116
"Ecuador",2019,3.812
"Ecuador",2018,3.53
"Ecuador",2017,3.836
"Ecuador",2016,4.597
"Ecuador",2015,3.616
"Egypt",2024,5.945
"Egypt",2023,6.753
"Egypt",2022,7.344
"Egypt",2021,7.441
"Egypt",2020,7.974
"Egypt",2019,7.851
"Egypt",2018,9.855
"Egypt",2017,11.767
"Egypt",2016,12.45
"Egypt",2015,13.052
"Spain",2024,11.344
"Spain",2023,12.179
"Spain",2022,13.033
"Spain",2021,14.914
"Spain",2020,15.532
"Spain",2019,14.104
"Spain",2018,15.255
"Spain",2017,17.224
"Spain",2016,19.635
"Spain",2015,22.057
"Estonia",2024,7.501
"Estonia",2023,6.378
"Estonia",2022,5.571
"Estonia",2021,6.178
"Estonia",2020,6.956
"Estonia",2019,4.514
"Estonia",2018,5.412
"Estonia",2017,5.807
"Estonia",2016,6.882
"Estonia",2015,6.412
"Ethiopia",2021,3.935
"Finland",2024,8.336
"Finland",2023,7.149
"Finland",2022,6.719
"Finland",2021,7.617
"Finland",2020,7.759
"Finland",2019,6.695
"Finland",2018,7.361
"Finland",2017,8.64
"Finland",2016,8.818
"Finland",2015,9.376
"Fiji",2024,5.361
"Fiji",2016,4.319
"Falkland Islands, Malvinas",2016,0.97
"France",2024,7.436
"France",2023,7.335
"France",2022,7.303
"France",2021,7.871
"France",2020,8.009
"France",2019,8.415
"France",2018,9.018
"France",2017,9.409
"France",2016,10.057
"France",2015,10.354
"United Kingdom of Great Britain and Northern Ireland",2024,4.361
"United Kingdom of Great Britain and Northern Ireland",2023,4.025
"United Kingdom of Great Britain and Northern Ireland",2022,3.768
"United Kingdom of Great Britain and Northern Ireland",2021,4.864
"United Kingdom of Great Britain and Northern Ireland",2020,4.518
"United Kingdom of Great Britain and Northern Ireland",2019,3.657
"United Kingdom of Great Britain and Northern Ireland",2018,4.145
"United Kingdom of Great Britain and Northern Ireland",2017,4.501
"United Kingdom of Great Britain and Northern Ireland",2016,4.909
"United Kingdom of Great Britain and Northern Ireland",2015,5.552
"Georgia",2024,8.014
"Georgia",2023,9.59
"Georgia",2022,10.198
"Georgia",2021,11.83
"Georgia",2020,11.734
"Georgia",2019,11.565
"Georgia",2018,12.667
"Georgia",2017,13.939
"Georgia",2016,16.604
"Georgia",2015,16.506
"Ghana",2022,2.87
"Ghana",2021,3.195
"Ghana",2017,3.369
"Ghana",2015,6.806
"Guinea",2019,5.018
"Guadeloupe",2016,23.8
"Gambia",2023,6.479
"Gambia",2018,4.055
"Guinea-Bissau",2022,2.666
"Guinea-Bissau",2019,2.52
"Guinea-Bissau",2018,3.127
"Greece",2024,10.02
"Greece",2023,11.023
"Greece",2022,12.426
"Greece",2021,14.656
"Greece",2020,15.899
"Greece",2019,17.045
"Greece",2018,19.179
"Greece",2017,21.413
"Greece",2016,23.514
"Greece",2015,24.981
"Grenada",2023,6.34
"Grenada",2021,13.035
"Grenada",2020,12.974
"Grenada",2019,9.788
"Grenada",2018,13.658
"Grenada",2015,22.9
"Guatemala",2023,2.344
"Guatemala",2022,3.051
"Guatemala",2021,2.174
"Guatemala",2019,2.193
"Guatemala",2018,2.283
"Guatemala",2017,2.462
"Guatemala",2016,2.583
"Guatemala",2015,2.506
"French Guiana",2016,23.2
"Guam",2016,5.4
"Guam",2015,6.9
"Guyana",2019,13.172
"Guyana",2018,13.627
"Hong Kong, China",2024,2.988
"Hong Kong, China",2023,2.949
"Hong Kong, China",2022,4.318
"Hong Kong, China",2021,5.174
"Hong Kong, China",2020,5.808
"Hong Kong, China",2019,2.917
"Hong Kong, China",2018,2.805
"Hong Kong, China",2017,3.124
"Hong Kong, China",2016,3.392
"Hong Kong, China",2015,3.314
"Honduras",2024,4.91
"Honduras",2023,6.07
"Honduras",2022,8.774
"Honduras",2021,8.506
"Honduras",2020,10.982
"Honduras",2019,5.698
"Honduras",2018,5.648
"Honduras",2017,5.528
"Honduras",2016,6.727
"Honduras",2015,6.147
"Croatia",2024,5.033
"Croatia",2023,6.121
"Croatia",2022,6.811
"Croatia",2021,7.483
"Croatia",2020,7.389
"Croatia",2019,6.551
"Croatia",2018,8.322
"Croatia",2017,11.078
"Croatia",2016,13.015
"Croatia",2015,16.15
"Hungary",2024,4.466
"Hungary",2023,4.096
"Hungary",2022,3.583
"Hungary",2021,4.021
"Hungary",2020,4.248
"Hungary",2019,3.411
"Hungary",2018,3.667
"Hungary",2017,4.156
"Hungary",2016,5.115
"Hungary",2015,6.813
"Indonesia",2023,3.308
"Indonesia",2022,3.462
"Indonesia",2021,3.827
"Indonesia",2020,4.255
"Indonesia",2019,3.59
"Indonesia",2018,4.387
"Indonesia",2017,3.783
"Indonesia",2016,4.301
"Indonesia",2015,4.514
"Isle of Man",2016,2.67
"India",2024,4.173
"India",2023,4.172
"India",2022,4.822
"India",2022,NA
"India",2021,6.38
"India",2021,NA
"India",2020,7.859
"India",2020,12.066
"India",2019,6.51
"India",2019,NA
"India",2018,7.652
"India",2018,NA
"Ireland",2024,4.271
"Ireland",2023,4.243
"Ireland",2022,4.465
"Ireland",2021,6.357
"Ireland",2020,5.623
"Ireland",2019,4.95
"Ireland",2018,5.741
"Ireland",2017,6.713
"Ireland",2016,8.374
"Ireland",2015,9.908
"Iran (Islamic Republic of)",2024,7.631
"Iran (Islamic Republic of)",2023,8.129
"Iran (Islamic Republic of)",2022,9.085
"Iran (Islamic Republic of)",2021,9.282
"Iran (Islamic Republic of)",2020,9.687
"Iran (Islamic Republic of)",2019,10.74
"Iran (Islamic Republic of)",2018,12.195
"Iran (Islamic Republic of)",2017,12.232
"Iran (Islamic Republic of)",2016,12.618
"Iran (Islamic Republic of)",2015,11.166
"Iraq",2021,16.173
"Iraq",2017,13.02
"Iraq",2016,10.82
"Iceland",2024,3.558
"Iceland",2023,3.518
"Iceland",2022,3.789
"Iceland",2021,6.029
"Iceland",2020,5.478
"Iceland",2019,3.507
"Iceland",2018,2.704
"Iceland",2017,2.742
"Iceland",2016,2.978
"Iceland",2015,3.979
"Israel",2024,2.901
"Israel",2023,3.371
"Israel",2022,3.695
"Israel",2021,4.812
"Israel",2020,4.169
"Israel",2019,3.731
"Israel",2018,3.917
"Israel",2017,4.14
"Israel",2016,4.723
"Israel",2015,5.176
"Italy",2024,6.499
"Italy",2023,7.627
"Italy",2022,8.069
"Italy",2021,9.497
"Italy",2020,9.192
"Italy",2019,9.884
"Italy",2018,10.538
"Italy",2017,11.211
"Italy",2016,11.688
"Italy",2015,11.896
"Jamaica",2023,3.022
"Jamaica",2022,4.083
"Jamaica",2021,5.188
"Jamaica",2020,6.501
"Jamaica",2019,4.987
"Jamaica",2018,5.47
"Jamaica",2017,7.399
"Jamaica",2016,8.634
"Jamaica",2015,13.511
"Jersey",2015,4
"Jordan",2023,16.62
"Jordan",2022,18.2
"Jordan",2021,19.837
"Jordan",2020,19.213
"Jordan",2019,16.801
"Jordan",2018,18.257
"Jordan",2017,18.12
"Jordan",2016,15.275
"Jordan",2015,13.075
"Japan",2024,2.535
"Japan",2023,2.574
"Japan",2022,2.614
"Japan",2021,2.808
"Japan",2020,2.809
"Japan",2019,2.351
"Japan",2018,2.467
"Japan",2017,2.822
"Japan",2016,3.132
"Japan",2015,3.385
"Kazakhstan",2022,4.86
"Kazakhstan",2020,4.89
"Kazakhstan",2019,4.8
"Kazakhstan",2018,4.85
"Kazakhstan",2017,4.9
"Kazakhstan",2016,4.96
"Kazakhstan",2015,4.93
"Kenya",2022,5.441
"Kenya",2021,5.585
"Kenya",2019,5.014
"Kenya",2016,2.757
"Kyrgyzstan",2023,3.498
"Kyrgyzstan",2022,4.767
"Kyrgyzstan",2021,5.149
"Kyrgyzstan",2020,5.945
"Kyrgyzstan",2019,5.45
"Kyrgyzstan",2018,4.559
"Kyrgyzstan",2017,3.319
"Kyrgyzstan",2016,4.009
"Kyrgyzstan",2015,4.2
"Cambodia",2023,0.256
"Cambodia",2021,0.396
"Cambodia",2020,0.172
"Cambodia",2019,0.499
"Cambodia",2017,0.141
"Cambodia",2016,0.716
"Cambodia",2015,0.393
"Kiribati",2023,2.786
"Kiribati",2020,10.971
"Kiribati",2019,8.557
"Kiribati",2015,9.334
"Republic of Korea",2024,2.784
"Republic of Korea",2023,2.675
"Republic of Korea",2022,2.857
"Republic of Korea",2021,3.639
"Republic of Korea",2020,3.931
"Republic of Korea",2019,3.746
"Republic of Korea",2018,3.824
"Republic of Korea",2017,3.653
"Republic of Korea",2016,3.65
"Republic of Korea",2015,3.546
"Kosovo",2024,10.834
"Kosovo",2023,10.533
"Kosovo",2022,12.093
"Kosovo",2021,20.392
"Kosovo",2020,25.459
"Kosovo",2019,25.069
"Kosovo",2018,27.761
"Kosovo",2017,30.344
"Kosovo",2016,27.491
"Kosovo",2015,32.84
"Kuwait",2016,2.16
"Kuwait",2015,2.2
"Lao People's Democratic Republic",2022,1.209
"Lao People's Democratic Republic",2017,3.268
"Lao People's Democratic Republic",2015,2.006
"Lebanon",2019,11.301
"Liberia",2017,5.931
"Liberia",2016,3.081
"Saint Lucia",2024,10.074
"Saint Lucia",2023,12.021
"Saint Lucia",2022,15.766
"Saint Lucia",2021,19.58
"Saint Lucia",2020,20.405
"Saint Lucia",2019,15.344
"Saint Lucia",2018,19.116
"Saint Lucia",2017,18.894
"Sri Lanka",2022,4.528
"Sri Lanka",2021,4.981
"Sri Lanka",2020,5.364
"Sri Lanka",2019,4.67
"Sri Lanka",2018,4.318
"Sri Lanka",2017,4.046
"Sri Lanka",2016,4.242
"Sri Lanka",2015,4.519
"Lesotho",2024,18.701
"Lesotho",2019,16.876
"Lithuania",2024,7.095
"Lithuania",2023,6.841
"Lithuania",2022,5.955
"Lithuania",2021,7.112
"Lithuania",2020,8.487
"Lithuania",2019,6.255
"Lithuania",2018,6.147
"Lithuania",2017,7.073
"Lithuania",2016,7.862
"Lithuania",2015,9.12
"Luxembourg",2024,6.421
"Luxembourg",2023,5.184
"Luxembourg",2022,4.588
"Luxembourg",2021,5.571
"Luxembourg",2020,6.766
"Luxembourg",2019,5.592
"Luxembourg",2018,5.589
"Luxembourg",2017,5.523
"Luxembourg",2016,6.669
"Luxembourg",2015,6.796
"Latvia",2024,6.884
"Latvia",2023,6.465
"Latvia",2022,6.815
"Latvia",2021,7.513
"Latvia",2020,8.098
"Latvia",2019,6.312
"Latvia",2018,7.412
"Latvia",2017,8.715
"Latvia",2016,9.643
"Latvia",2015,9.873
"Macao, China",2020,2.542
"Macao, China",2019,1.73
"Macao, China",2018,1.803
"Macao, China",2017,1.981
"Macao, China",2016,1.939
"Macao, China",2015,1.81
"Morocco",2022,11.79
"Morocco",2021,12.28
"Morocco",2016,9.3
"Morocco",2015,9.46
"Monaco",2016,6.33
"Republic of Moldova",2024,1.427
"Republic of Moldova",2023,1.57
"Republic of Moldova",2022,0.909
"Republic of Moldova",2021,0.794
"Republic of Moldova",2020,1.206
"Republic of Moldova",2019,1.502
"Republic of Moldova",2018,1.239
"Republic of Moldova",2017,1.622
"Republic of Moldova",2016,1.591
"Republic of Moldova",2015,1.781
"Madagascar",2022,3.186
"Madagascar",2015,1.785
"Maldives",2019,4.562
"Maldives",2016,5.771
"Mexico",2024,2.616
"Mexico",2023,2.704
"Mexico",2022,3.174
"Mexico",2021,3.941
"Mexico",2020,4.378
"Mexico",2019,3.477
"Mexico",2018,3.275
"Mexico",2017,3.419
"Mexico",2016,3.853
"Mexico",2015,4.311
"Marshall Islands",2021,9.823
"Marshall Islands",2019,6.342
"North Macedonia",2024,12.265
"North Macedonia",2023,13.174
"North Macedonia",2022,14.476
"North Macedonia",2021,15.801
"North Macedonia",2020,16.575
"North Macedonia",2019,17.414
"North Macedonia",2018,21.208
"North Macedonia",2017,22.857
"North Macedonia",2016,24.312
"North Macedonia",2015,26.395
"Mali",2022,2.387
"Mali",2020,3.528
"Mali",2019,3.29
"Mali",2018,1.62
"Mali",2017,7.414
"Mali",2016,1.367
"Mali",2015,7.729
"Malta",2024,3.115
"Malta",2023,3.479
"Malta",2022,3.471
"Malta",2021,3.754
"Malta",2020,4.856
"Malta",2019,4.08
"Malta",2018,3.956
"Malta",2017,4.008
"Malta",2016,4.694
"Malta",2015,5.389
"Myanmar",2020,1.476
"Myanmar",2019,0.407
"Myanmar",2018,0.767
"Myanmar",2017,1.356
"Myanmar",2015,0.766
"Montenegro",2023,13.146
"Montenegro",2022,14.851
"Montenegro",2021,16.543
"Montenegro",2020,17.878
"Montenegro",2019,15.128
"Montenegro",2018,15.19
"Montenegro",2017,16.082
"Montenegro",2016,17.732
"Montenegro",2015,17.555
"Mongolia",2024,5.812
"Mongolia",2023,5.178
"Mongolia",2022,5.954
"Mongolia",2021,7.871
"Mongolia",2020,6.413
"Mongolia",2019,9.024
"Mongolia",2018,5.377
"Mongolia",2017,6.359
"Mongolia",2016,7.235
"Mongolia",2015,4.861
"Mozambique",2022,6.789
"Mozambique",2015,3.426
"Mauritania",2019,10.416
"Mauritania",2017,10.336
"Montserrat",2020,8.332
"Martinique",2016,17.6
"Mauritius",2024,5.213
"Mauritius",2023,5.571
"Mauritius",2022,6.322
"Mauritius",2021,7.719
"Mauritius",2020,8.626
"Mauritius",2019,6.331
"Mauritius",2018,6.426
"Mauritius",2017,6.752
"Mauritius",2016,6.814
"Mauritius",2015,7.41
"Malawi",2020,0.907
"Malawi",2017,3.77
"Malaysia",2022,3.93
"Malaysia",2021,4.64
"Malaysia",2020,4.54
"Malaysia",2019,3.33
"Malaysia",2018,3.3
"Malaysia",2017,3.41
"Malaysia",2016,3.44
"Malaysia",2015,3.1
"Namibia",2018,19.877
"Namibia",2016,23.352
"New Caledonia",2023,10.151
"New Caledonia",2022,10.71
"New Caledonia",2020,13.558
"New Caledonia",2019,10.88
"New Caledonia",2018,11.702
"New Caledonia",2017,11.676
"Niger",2022,0.403
"Niger",2019,0.531
"Niger",2017,7.769
"Nigeria",2024,3.454
"Nigeria",2023,3.074
"Nigeria",2022,3.827
"Nigeria",2019,10.695
"Nigeria",2017,8.389
"Nigeria",2016,7.06
"Nigeria",2015,4.311
"Nicaragua",2018,5.2
"Nicaragua",2017,3.3
"Nicaragua",2016,3.9
"Nicaragua",2015,4.7
"Niue",2022,0.646
"Niue",2017,0.79
"Niue",2015,NA
"Netherlands",2024,3.639
"Netherlands",2023,3.535
"Netherlands",2022,3.526
"Netherlands",2021,4.209
"Netherlands",2020,3.82
"Netherlands",2019,3.379
"Netherlands",2018,3.832
"Netherlands",2017,4.837
"Netherlands",2016,6.007
"Netherlands",2015,6.872
"Norway",2024,3.982
"Norway",2023,3.574
"Norway",2022,3.231
"Norway",2021,4.359
"Norway",2020,4.424
"Norway",2019,3.684
"Norway",2018,3.801
"Norway",2017,4.164
"Norway",2016,4.68
"Norway",2015,4.296
"Nepal",2017,10.66
"Nepal",2015,3.1
"Nauru",2021,5.056
"New Zealand",2024,4.763
"New Zealand",2023,3.768
"New Zealand",2022,3.316
"New Zealand",2021,3.797
"New Zealand",2020,4.603
"New Zealand",2019,4.112
"New Zealand",2018,4.331
"New Zealand",2017,4.737
"New Zealand",2016,5.147
"New Zealand",2015,5.409
"Oman",2021,1.9
"Oman",2020,2.94
"Oman",2018,1.8
"Oman",2016,3.266
"Pakistan",2025,6.957
"Pakistan",2021,6.338
"Pakistan",2020,6.74
"Pakistan",2019,4.83
"Pakistan",2018,4.083
"Pakistan",2016,2.285
"Pakistan",2015,3.566
"Panama",2024,8.607
"Panama",2023,6.678
"Panama",2022,8.281
"Panama",2021,10.293
"Panama",2020,18.548
"Panama",2019,6.409
"Panama",2018,5.313
"Panama",2017,5.461
"Panama",2016,4.843
"Panama",2015,4.402
"Peru",2024,5.199
"Peru",2023,4.899
"Peru",2022,4.291
"Peru",2021,5.097
"Peru",2020,7.179
"Peru",2019,3.379
"Peru",2018,3.492
"Peru",2017,3.691
"Peru",2016,3.741
"Peru",2015,3.272
"Philippines",2023,2.409
"Philippines",2022,2.598
"Philippines",2021,3.398
"Philippines",2020,2.522
"Philippines",2019,2.237
"Philippines",2018,2.338
"Philippines",2017,2.552
"Philippines",2016,2.695
"Philippines",2015,3.068
"Palau",2020,0.765
"Papua New Guinea",2022,2.689
"Poland",2024,2.807
"Poland",2023,2.743
"Poland",2022,2.811
"Poland",2021,3.268
"Poland",2020,3.155
"Poland",2019,3.267
"Poland",2018,3.835
"Poland",2017,4.867
"Poland",2016,6.141
"Poland",2015,7.475
"Puerto Rico",2022,6
"Puerto Rico",2021,7.9
"Puerto Rico",2020,15.34
"Puerto Rico",2019,8.3
"Puerto Rico",2018,9.2
"Puerto Rico",2017,10.8
"Puerto Rico",2016,11.8
"Puerto Rico",2015,12
"Portugal",2024,6.427
"Portugal",2023,6.498
"Portugal",2022,6.138
"Portugal",2021,6.712
"Portugal",2020,6.85
"Portugal",2019,6.422
"Portugal",2018,6.966
"Portugal",2017,8.878
"Portugal",2016,11.058
"Portugal",2015,12.405
"Paraguay",2024,5.686
"Paraguay",2023,5.794
"Paraguay",2022,6.755
"Paraguay",2021,7.311
"Paraguay",2020,7.548
"Paraguay",2019,6.595
"Paraguay",2018,6.217
"Paraguay",2017,6.138
"Paraguay",2016,5.255
"Paraguay",2015,4.556
"Occupied Palestinian Territory",2024,31.436
"Occupied Palestinian Territory",2022,24.42
"Occupied Palestinian Territory",2021,26.39
"Occupied Palestinian Territory",2020,25.895
"Occupied Palestinian Territory",2019,25.34
"Occupied Palestinian Territory",2018,26.256
"Occupied Palestinian Territory",2017,25.677
"Occupied Palestinian Territory",2016,23.939
"Occupied Palestinian Territory",2015,23.005
"Qatar",2022,0.13
"Qatar",2021,0.14
"Qatar",2020,0.14
"Qatar",2019,0.1
"Qatar",2018,0.11
"Qatar",2017,0.14
"Qatar",2016,0.15
"Qatar",2015,0.17
"Réunion",2016,22.39
"Romania",2024,5.43
"Romania",2023,5.589
"Romania",2022,5.614
"Romania",2021,5.59
"Romania",2020,5.035
"Romania",2019,3.912
"Romania",2018,4.187
"Romania",2017,4.927
"Romania",2016,5.901
"Romania",2015,6.812
"Russian Federation",2024,2.43
"Russian Federation",2023,3.076
"Russian Federation",2022,3.867
"Russian Federation",2021,4.749
"Russian Federation",2020,5.62
"Russian Federation",2019,4.513
"Russian Federation",2018,4.871
"Russian Federation",2017,5.238
"Russian Federation",2016,5.591
"Russian Federation",2015,5.615
"Rwanda",2024,11.331
"Rwanda",2023,12.352
"Rwanda",2022,15.084
"Rwanda",2021,15.775
"Rwanda",2020,11.829
"Rwanda",2019,11.236
"Rwanda",2018,10.759
"Rwanda",2017,11.875
"Saudi Arabia",2024,3.518
"Saudi Arabia",2023,4.008
"Saudi Arabia",2022,5.589
"Saudi Arabia",2021,6.621
"Saudi Arabia",2020,7.66
"Saudi Arabia",2019,5.636
"Saudi Arabia",2018,6.029
"Saudi Arabia",2017,5.89
"Saudi Arabia",2016,5.6
"Saudi Arabia",2015,5.6
"Sudan",2022,7.53
"Senegal",2024,5.775
"Senegal",2023,4.686
"Senegal",2022,5.062
"Senegal",2019,2.863
"Senegal",2017,4.078
"Senegal",2016,4.455
"Senegal",2015,6.757
"Singapore",2024,2.737
"Singapore",2023,3.444
"Singapore",2022,3.591
"Singapore",2021,4.64
"Singapore",2020,4.1
"Singapore",2019,3.1
"Singapore",2016,4.08
"Singapore",2015,3.79
"Sierra Leone",2018,3.192
"El Salvador",2023,2.992
"El Salvador",2022,2.999
"El Salvador",2021,4.327
"El Salvador",2020,5.008
"El Salvador",2019,4.17
"El Salvador",2018,4.006
"El Salvador",2017,4.385
"El Salvador",2016,4.418
"El Salvador",2015,3.998
"San Marino",2022,4.91
"San Marino",2021,6.34
"San Marino",2020,7.23
"San Marino",2019,7.54
"San Marino",2018,7.83
"San Marino",2017,7.89
"San Marino",2016,6.45
"San Marino",2015,7.38
"Somalia",2019,18.828
"Serbia",2024,7.24
"Serbia",2023,8.268
"Serbia",2022,8.439
"Serbia",2021,9.843
"Serbia",2020,9.011
"Serbia",2019,10.395
"Serbia",2018,12.733
"Serbia",2017,13.477
"Serbia",2016,15.257
"Serbia",2015,17.66
"Sao Tome and Principe",2017,8.808
"Suriname",2016,7.917
"Suriname",2015,7.22
"Slovakia",2024,5.335
"Slovakia",2023,5.843
"Slovakia",2022,6.143
"Slovakia",2021,6.894
"Slovakia",2020,6.719
"Slovakia",2019,5.761
"Slovakia",2018,6.544
"Slovakia",2017,8.142
"Slovakia",2016,9.679
"Slovakia",2015,11.492
"Slovenia",2024,3.697
"Slovenia",2023,3.652
"Slovenia",2022,4.011
"Slovenia",2021,4.744
"Slovenia",2020,4.971
"Slovenia",2019,4.446
"Slovenia",2018,5.108
"Slovenia",2017,6.564
"Slovenia",2016,8
"Slovenia",2015,8.962
"Sweden",2024,8.306
"Sweden",2023,7.611
"Sweden",2022,7.417
"Sweden",2021,8.803
"Sweden",2020,8.291
"Sweden",2019,6.833
"Sweden",2018,6.365
"Sweden",2017,6.718
"Sweden",2016,6.99
"Sweden",2015,7.432
"Eswatini",2023,34.61
"Eswatini",2021,34.153
"Eswatini",2016,22.718
"Seychelles",2024,2.593
"Seychelles",2023,2.934
"Seychelles",2020,4.311
"Seychelles",2019,2.966
"Seychelles",2018,3.528
"Seychelles",2017,3.715
"Seychelles",2016,3.965
"Seychelles",2015,4.151
"Chad",2018,1.135
"Togo",2022,1.965
"Togo",2019,2.036
"Togo",2017,3.744
"Togo",2015,2.204
"Thailand",2024,0.781
"Thailand",2023,0.733
"Thailand",2022,0.94
"Thailand",2021,1.215
"Thailand",2020,1.099
"Thailand",2019,0.716
"Thailand",2018,0.765
"Thailand",2017,0.83
"Thailand",2016,0.688
"Thailand",2015,0.597
"Tajikistan",2016,0.081
"Tokelau",2022,NA
"Tokelau",2016,NA
"Timor-Leste",2022,1.537
"Timor-Leste",2021,2.344
"Timor-Leste",2016,4.657
"Timor-Leste",2015,3.678
"Tonga",2023,1.652
"Tonga",2021,2.111
"Tonga",2018,2.248
"Tonga",2016,1.054
"Trinidad and Tobago",2024,4.006
"Trinidad and Tobago",2023,3.361
"Trinidad and Tobago",2022,4.383
"Trinidad and Tobago",2021,4.446
"Trinidad and Tobago",2020,4.206
"Trinidad and Tobago",2019,3.523
"Trinidad and Tobago",2016,3.207
"Trinidad and Tobago",2015,2.428
"Tunisia",2023,15.106
"Tunisia",2022,15.3
"Tunisia",2019,17.153
"Tunisia",2018,15.459
"Tunisia",2017,15.33
"Tunisia",2016,15.557
"Tunisia",2015,15.159
"Türkiye",2024,8.711
"Türkiye",2023,9.354
"Türkiye",2022,10.432
"Türkiye",2021,11.979
"Türkiye",2020,13.155
"Türkiye",2019,13.731
"Türkiye",2018,10.958
"Türkiye",2017,10.916
"Türkiye",2016,10.905
"Türkiye",2015,10.302
"Tuvalu",2022,7.318
"Tuvalu",2017,26.553
"Tuvalu",2016,8.489
"Taiwan, China",2020,3.845
"Taiwan, China",2019,3.733
"Taiwan, China",2018,3.713
"Taiwan, China",2017,3.756
"Taiwan, China",2016,3.914
"Taiwan, China",2015,3.781
"Tanzania, United Republic of",2024,2.431
"Tanzania, United Republic of",2020,1.792
"Uganda",2021,3.416
"Uganda",2019,2.563
"Uganda",2017,3.428
"Ukraine",2021,9.834
"Ukraine",2020,9.475
"Ukraine",2019,8.194
"Ukraine",2018,8.799
"Ukraine",2017,9.5
"Ukraine",2016,9.35
"Ukraine",2015,9.14
"Uruguay",2024,8.209
"Uruguay",2023,8.355
"Uruguay",2022,7.877
"Uruguay",2021,9.328
"Uruguay",2020,10.413
"Uruguay",2019,8.836
"Uruguay",2018,8.336
"Uruguay",2017,7.89
"Uruguay",2016,7.841
"Uruguay",2015,7.488
"United States of America",2024,4.022
"United States of America",2023,3.638
"United States of America",2022,3.65
"United States of America",2021,5.349
"United States of America",2020,8.055
"United States of America",2019,3.669
"United States of America",2018,3.896
"United States of America",2017,4.355
"United States of America",2016,4.869
"United States of America",2015,5.28
"Uzbekistan",2020,5.293
"Uzbekistan",2019,8.98
"Uzbekistan",2018,9.35
"Uzbekistan",2017,5.83
"Uzbekistan",2016,5.16
"Uzbekistan",2015,5.15
"Venezuela (Bolivarian Republic of)",2020,7.53
"Venezuela (Bolivarian Republic of)",2017,5.045
"Venezuela (Bolivarian Republic of)",2016,5.319
"Viet Nam",2023,1.645
"Viet Nam",2022,1.57
"Viet Nam",2021,2.383
"Viet Nam",2020,2.103
"Viet Nam",2019,1.681
"Viet Nam",2018,1.161
"Viet Nam",2017,1.874
"Viet Nam",2016,1.848
"Viet Nam",2015,1.848
"Vanuatu",2020,4.046
"Vanuatu",2019,5.444
"Wallis and Futuna",2023,0.643
"Wallis and Futuna",2019,3.381
"Wallis and Futuna",2018,4.534
"Samoa",2022,5.048
"Samoa",2017,9.4
"World",2025,4.96
"World",2024,4.968
"World",2023,4.962
"World",2022,5.279
"World",2021,6.061
"World",2020,6.609
"World",2019,5.597
"World",2018,5.765
"World",2017,5.904
"World",2016,5.975
"World",2015,6.004
"World: Low income",2025,5.193
"World: Low income",2024,5.311
"World: Low income",2023,5.169
"World: Low income",2022,5.074
"World: Low income",2021,5.709
"World: Low income",2020,5.687
"World: Low income",2019,4.995
"World: Low income",2018,4.976
"World: Low income",2017,5.057
"World: Low income",2016,4.965
"World: Low income",2015,4.863
"World: Lower-middle income",2025,4.44
"World: Lower-middle income",2024,4.444
"World: Lower-middle income",2023,4.432
"World: Lower-middle income",2022,4.846
"World: Lower-middle income",2021,6.014
"World: Lower-middle income",2020,6.665
"World: Lower-middle income",2019,5.622
"World: Lower-middle income",2018,6.116
"World: Lower-middle income",2017,6.123
"World: Lower-middle income",2016,6.034
"World: Lower-middle income",2015,6.149
"World: Upper-middle income",2025,5.65
"World: Upper-middle income",2024,5.669
"World: Upper-middle income",2023,5.714
"World: Upper-middle income",2022,6.093
"World: Upper-middle income",2021,6.43
"World: Upper-middle income",2020,6.811
"World: Upper-middle income",2019,6.105
"World: Upper-middle income",2018,5.965
"World: Upper-middle income",2017,6.035
"World: Upper-middle income",2016,6.029
"World: Upper-middle income",2015,5.807
"World: High income",2025,4.432
"World: High income",2024,4.374
"World: High income",2023,4.314
"World: High income",2022,4.472
"World: High income",2021,5.524
"World: High income",2020,6.435
"World: High income",2019,4.737
"World: High income",2018,5.064
"World: High income",2017,5.566
"World: High income",2016,6.097
"World: High income",2015,6.538
"Africa",2025,6.387
"Africa",2024,6.469
"Africa",2023,6.407
"Africa",2022,6.617
"Africa",2021,7.389
"Africa",2020,7.296
"Africa",2019,6.738
"Africa",2018,6.704
"Africa",2017,6.804
"Africa",2016,6.707
"Africa",2015,6.707
"Africa: Low income",2025,4.465
"Africa: Low income",2024,4.577
"Africa: Low income",2023,4.388
"Africa: Low income",2022,4.273
"Africa: Low income",2021,5.004
"Africa: Low income",2020,4.999
"Africa: Low income",2019,4.292
"Africa: Low income",2018,4.262
"Africa: Low income",2017,4.317
"Africa: Low income",2016,4.265
"Africa: Low income",2015,4.213
"Africa: Lower-middle income",2025,5.002
"Africa: Lower-middle income",2024,5.057
"Africa: Lower-middle income",2023,5.121
"Africa: Lower-middle income",2022,5.485
"Africa: Lower-middle income",2021,6.298
"Africa: Lower-middle income",2020,6.54
"Africa: Lower-middle income",2019,6.037
"Africa: Lower-middle income",2018,6.143
"Africa: Lower-middle income",2017,6.242
"Africa: Lower-middle income",2016,6.221
"Africa: Lower-middle income",2015,6.334
"Africa: Upper-middle income",2025,25.033
"Africa: Upper-middle income",2024,24.854
"Africa: Upper-middle income",2023,24.32
"Africa: Upper-middle income",2022,25.084
"Africa: Upper-middle income",2021,26.007
"Africa: Upper-middle income",2020,23.28
"Africa: Upper-middle income",2019,22.196
"Africa: Upper-middle income",2018,21.213
"Africa: Upper-middle income",2017,21.306
"Africa: Upper-middle income",2016,20.535
"Africa: Upper-middle income",2015,19.982
"Northern Africa",2025,9.707
"Northern Africa",2024,10.149
"Northern Africa",2023,9.704
"Northern Africa",2022,9.426
"Northern Africa",2021,10.444
"Northern Africa",2020,11.091
"Northern Africa",2019,10.342
"Northern Africa",2018,11.136
"Northern Africa",2017,11.993
"Northern Africa",2016,12.105
"Northern Africa",2015,12.639
"Northern Africa: Lower-middle income",2025,8.24
"Northern Africa: Lower-middle income",2024,8.385
"Northern Africa: Lower-middle income",2023,8.417
"Northern Africa: Lower-middle income",2022,8.568
"Northern Africa: Lower-middle income",2021,9.033
"Northern Africa: Lower-middle income",2020,9.684
"Northern Africa: Lower-middle income",2019,9.076
"Northern Africa: Lower-middle income",2018,10.212
"Northern Africa: Lower-middle income",2017,11.431
"Northern Africa: Lower-middle income",2016,11.917
"Northern Africa: Lower-middle income",2015,12.306
"Northern Africa: Upper-middle income",2025,12.262
"Northern Africa: Upper-middle income",2024,12.597
"Northern Africa: Upper-middle income",2023,12.846
"Northern Africa: Upper-middle income",2022,13.47
"Northern Africa: Upper-middle income",2021,14.637
"Northern Africa: Upper-middle income",2020,14.985
"Northern Africa: Upper-middle income",2019,13.342
"Northern Africa: Upper-middle income",2018,13.198
"Northern Africa: Upper-middle income",2017,13.105
"Northern Africa: Upper-middle income",2016,11.663
"Northern Africa: Upper-middle income",2015,12.527
"Sub-Saharan Africa",2025,5.89
"Sub-Saharan Africa",2024,5.911
"Sub-Saharan Africa",2023,5.898
"Sub-Saharan Africa",2022,6.178
"Sub-Saharan Africa",2021,6.905
"Sub-Saharan Africa",2020,6.692
"Sub-Saharan Africa",2019,6.148
"Sub-Saharan Africa",2018,5.965
"Sub-Saharan Africa",2017,5.919
"Sub-Saharan Africa",2016,5.763
"Sub-Saharan Africa",2015,5.653
"Sub-Saharan Africa: Low income",2025,4.044
"Sub-Saharan Africa: Low income",2024,4.06
"Sub-Saharan Africa: Low income",2023,4.034
"Sub-Saharan Africa: Low income",2022,4.102
"Sub-Saharan Africa: Low income",2021,4.681
"Sub-Saharan Africa: Low income",2020,4.616
"Sub-Saharan Africa: Low income",2019,3.879
"Sub-Saharan Africa: Low income",2018,3.803
"Sub-Saharan Africa: Low income",2017,3.819
"Sub-Saharan Africa: Low income",2016,3.726
"Sub-Saharan Africa: Low income",2015,3.623
"Sub-Saharan Africa: Lower-middle income",2025,4.379
"Sub-Saharan Africa: Lower-middle income",2024,4.407
"Sub-Saharan Africa: Lower-middle income",2023,4.469
"Sub-Saharan Africa: Lower-middle income",2022,4.864
"Sub-Saharan Africa: Lower-middle income",2021,5.738
"Sub-Saharan Africa: Lower-middle income",2020,5.898
"Sub-Saharan Africa: Lower-middle income",2019,5.4
"Sub-Saharan Africa: Lower-middle income",2018,5.272
"Sub-Saharan Africa: Lower-middle income",2017,5.1
"Sub-Saharan Africa: Lower-middle income",2016,4.921
"Sub-Saharan Africa: Lower-middle income",2015,4.94
"Sub-Saharan Africa: Upper-middle income",2025,31.298
"Sub-Saharan Africa: Upper-middle income",2024,30.896
"Sub-Saharan Africa: Upper-middle income",2023,30.013
"Sub-Saharan Africa: Upper-middle income",2022,31.024
"Sub-Saharan Africa: Upper-middle income",2021,31.777
"Sub-Saharan Africa: Upper-middle income",2020,27.552
"Sub-Saharan Africa: Upper-middle income",2019,26.766
"Sub-Saharan Africa: Upper-middle income",2018,25.401
"Sub-Saharan Africa: Upper-middle income",2017,25.585
"Sub-Saharan Africa: Upper-middle income",2016,25.195
"Sub-Saharan Africa: Upper-middle income",2015,23.911
"Central Africa",2025,6.858
"Central Africa",2024,6.859
"Central Africa",2023,6.875
"Central Africa",2022,6.929
"Central Africa",2021,7.728
"Central Africa",2020,7.941
"Central Africa",2019,7.306
"Central Africa",2018,7.341
"Central Africa",2017,7.32
"Central Africa",2016,7.245
"Central Africa",2015,7.168
"Eastern Africa",2025,4.403
"Eastern Africa",2024,4.452
"Eastern Africa",2023,4.451
"Eastern Africa",2022,4.601
"Eastern Africa",2021,4.945
"Eastern Africa",2020,4.897
"Eastern Africa",2019,4.142
"Eastern Africa",2018,3.976
"Eastern Africa",2017,3.844
"Eastern Africa",2016,3.674
"Eastern Africa",2015,3.598
"Southern Africa",2025,32.226
"Southern Africa",2024,31.822
"Southern Africa",2023,30.914
"Southern Africa",2022,31.973
"Southern Africa",2021,32.679
"Southern Africa",2020,28.352
"Southern Africa",2019,27.543
"Southern Africa",2018,26.1
"Southern Africa",2017,26.244
"Southern Africa",2016,25.805
"Southern Africa",2015,24.481
"Western Africa",2025,2.935
"Western Africa",2024,2.941
"Western Africa",2023,2.994
"Western Africa",2022,3.409
"Western Africa",2021,4.554
"Western Africa",2020,4.684
"Western Africa",2019,4.233
"Western Africa",2018,4.149
"Western Africa",2017,4.097
"Western Africa",2016,3.978
"Western Africa",2015,3.993
"Americas",2025,5.566
"Americas",2024,5.521
"Americas",2023,5.297
"Americas",2022,5.735
"Americas",2021,7.781
"Americas",2020,9.428
"Americas",2019,6.415
"Americas",2018,6.457
"Americas",2017,6.695
"Americas",2016,6.713
"Americas",2015,6.2
"Americas: Lower-middle income",2025,7.01
"Americas: Lower-middle income",2024,7.198
"Americas: Lower-middle income",2023,7.078
"Americas: Lower-middle income",2022,7.944
"Americas: Lower-middle income",2021,8.77
"Americas: Lower-middle income",2020,10.437
"Americas: Lower-middle income",2019,7.265
"Americas: Lower-middle income",2018,7.139
"Americas: Lower-middle income",2017,6.905
"Americas: Lower-middle income",2016,7.263
"Americas: Lower-middle income",2015,7.099
"Americas: Upper-middle income",2025,6.024
"Americas: Upper-middle income",2024,6.056
"Americas: Upper-middle income",2023,6.029
"Americas: Upper-middle income",2022,6.783
"Americas: Upper-middle income",2021,9.18
"Americas: Upper-middle income",2020,10.15
"Americas: Upper-middle income",2019,8.077
"Americas: Upper-middle income",2018,8.01
"Americas: Upper-middle income",2017,8.139
"Americas: Upper-middle income",2016,7.799
"Americas: Upper-middle income",2015,6.638
"Americas: High income",2025,4.827
"Americas: High income",2024,4.662
"Americas: High income",2023,4.173
"Americas: High income",2022,4.145
"Americas: High income",2021,5.858
"Americas: High income",2020,8.434
"Americas: High income",2019,4.168
"Americas: High income",2018,4.366
"Americas: High income",2017,4.79
"Americas: High income",2016,5.249
"Americas: High income",2015,5.556
"Latin America and the Caribbean",2025,6.196
"Latin America and the Caribbean",2024,6.238
"Latin America and the Caribbean",2023,6.207
"Latin America and the Caribbean",2022,6.915
"Latin America and the Caribbean",2021,9.157
"Latin America and the Caribbean",2020,10.213
"Latin America and the Caribbean",2019,7.999
"Latin America and the Caribbean",2018,7.932
"Latin America and the Caribbean",2017,8.028
"Latin America and the Caribbean",2016,7.729
"Latin America and the Caribbean",2015,6.668
"Latin America and the Caribbean: Lower-middle income",2025,7.01
"Latin America and the Caribbean: Lower-middle income",2024,7.198
"Latin America and the Caribbean: Lower-middle income",2023,7.078
"Latin America and the Caribbean: Lower-middle income",2022,7.944
"Latin America and the Caribbean: Lower-middle income",2021,8.77
"Latin America and the Caribbean: Lower-middle income",2020,10.437
"Latin America and the Caribbean: Lower-middle income",2019,7.265
"Latin America and the Caribbean: Lower-middle income",2018,7.139
"Latin America and the Caribbean: Lower-middle income",2017,6.905
"Latin America and the Caribbean: Lower-middle income",2016,7.263
"Latin America and the Caribbean: Lower-middle income",2015,7.099
"Latin America and the Caribbean: Upper-middle income",2025,6.024
"Latin America and the Caribbean: Upper-middle income",2024,6.056
"Latin America and the Caribbean: Upper-middle income",2023,6.029
"Latin America and the Caribbean: Upper-middle income",2022,6.783
"Latin America and the Caribbean: Upper-middle income",2021,9.18
"Latin America and the Caribbean: Upper-middle income",2020,10.15
"Latin America and the Caribbean: Upper-middle income",2019,8.077
"Latin America and the Caribbean: Upper-middle income",2018,8.01
"Latin America and the Caribbean: Upper-middle income",2017,8.139
"Latin America and the Caribbean: Upper-middle income",2016,7.799
"Latin America and the Caribbean: Upper-middle income",2015,6.638
"Latin America and the Caribbean: High income",2025,8.175
"Latin America and the Caribbean: High income",2024,8.21
"Latin America and the Caribbean: High income",2023,8.224
"Latin America and the Caribbean: High income",2022,7.95
"Latin America and the Caribbean: High income",2021,9.224
"Latin America and the Caribbean: High income",2020,11.023
"Latin America and the Caribbean: High income",2019,7.502
"Latin America and the Caribbean: High income",2018,7.476
"Latin America and the Caribbean: High income",2017,7.348
"Latin America and the Caribbean: High income",2016,7.034
"Latin America and the Caribbean: High income",2015,6.722
"Caribbean",2025,7.054
"Caribbean",2024,7.125
"Caribbean",2023,6.997
"Caribbean",2022,7.04
"Caribbean",2021,8.155
"Caribbean",2020,8
"Caribbean",2019,7.137
"Caribbean",2018,7.051
"Caribbean",2017,7.265
"Caribbean",2016,7.876
"Caribbean",2015,8.016
"Central America",2025,3.279
"Central America",2024,3.169
"Central America",2023,3.248
"Central America",2022,3.997
"Central America",2021,4.727
"Central America",2020,5.464
"Central America",2019,3.917
"Central America",2018,3.666
"Central America",2017,3.671
"Central America",2016,4.079
"Central America",2015,4.399
"South America",2025,7.249
"South America",2024,7.339
"South America",2023,7.267
"South America",2022,8.008
"South America",2021,10.908
"South America",2020,12.171
"South America",2019,9.583
"South America",2018,9.567
"South America",2017,9.67
"South America",2016,9.035
"South America",2015,7.365
"Northern America",2025,4.546
"Northern America",2024,4.365
"Northern America",2023,3.834
"Northern America",2022,3.829
"Northern America",2021,5.588
"Northern America",2020,8.228
"Northern America",2019,3.887
"Northern America",2018,4.105
"Northern America",2017,4.578
"Northern America",2016,5.102
"Northern America",2015,5.46
"Northern America: High income",2025,4.546
"Northern America: High income",2024,4.365
"Northern America: High income",2023,3.834
"Northern America: High income",2022,3.829
"Northern America: High income",2021,5.588
"Northern America: High income",2020,8.228
"Northern America: High income",2019,3.887
"Northern America: High income",2018,4.105
"Northern America: High income",2017,4.578
"Northern America: High income",2016,5.102
"Northern America: High income",2015,5.46
"Arab States",2025,9.412
"Arab States",2024,9.747
"Arab States",2023,9.544
"Arab States",2022,10.044
"Arab States",2021,10.875
"Arab States",2020,11.181
"Arab States",2019,9.547
"Arab States",2018,9.571
"Arab States",2017,9.552
"Arab States",2016,8.768
"Arab States",2015,8.677
"Arab States: Lower-middle income",2025,18.603
"Arab States: Lower-middle income",2024,20.924
"Arab States: Lower-middle income",2023,18.381
"Arab States: Lower-middle income",2022,17.64
"Arab States: Lower-middle income",2021,19.089
"Arab States: Lower-middle income",2020,18.782
"Arab States: Lower-middle income",2019,16.817
"Arab States: Lower-middle income",2018,17.335
"Arab States: Lower-middle income",2017,16.899
"Arab States: Lower-middle income",2016,15.012
"Arab States: Lower-middle income",2015,13.645
"Arab States: High income",2025,2.88
"Arab States: High income",2024,2.944
"Arab States: High income",2023,3.009
"Arab States: High income",2022,3.993
"Arab States: High income",2021,4.572
"Arab States: High income",2020,5.471
"Arab States: High income",2019,3.732
"Arab States: High income",2018,3.849
"Arab States: High income",2017,3.933
"Arab States: High income",2016,3.732
"Arab States: High income",2015,3.793
"Asia and the Pacific",2025,4.143
"Asia and the Pacific",2024,4.153
"Asia and the Pacific",2023,4.181
"Asia and the Pacific",2022,4.508
"Asia and the Pacific",2021,4.965
"Asia and the Pacific",2020,5.506
"Asia and the Pacific",2019,4.755
"Asia and the Pacific",2018,4.999
"Asia and the Pacific",2017,5.028
"Asia and the Pacific",2016,5.063
"Asia and the Pacific",2015,5.138
"Asia and the Pacific: Low income",2025,6.289
"Asia and the Pacific: Low income",2024,6.419
"Asia and the Pacific: Low income",2023,6.573
"Asia and the Pacific: Low income",2022,6.531
"Asia and the Pacific: Low income",2021,6.133
"Asia and the Pacific: Low income",2020,5.983
"Asia and the Pacific: Low income",2019,5.699
"Asia and the Pacific: Low income",2018,5.702
"Asia and the Pacific: Low income",2017,5.771
"Asia and the Pacific: Low income",2016,5.409
"Asia and the Pacific: Low income",2015,4.975
"Asia and the Pacific: Lower-middle income",2025,4.077
"Asia and the Pacific: Lower-middle income",2024,4.05
"Asia and the Pacific: Lower-middle income",2023,4.028
"Asia and the Pacific: Lower-middle income",2022,4.463
"Asia and the Pacific: Lower-middle income",2021,5.762
"Asia and the Pacific: Lower-middle income",2020,6.549
"Asia and the Pacific: Lower-middle income",2019,5.367
"Asia and the Pacific: Lower-middle income",2018,6.005
"Asia and the Pacific: Lower-middle income",2017,5.984
"Asia and the Pacific: Lower-middle income",2016,5.888
"Asia and the Pacific: Lower-middle income",2015,6.026
"Asia and the Pacific: Upper-middle income",2025,4.303
"Asia and the Pacific: Upper-middle income",2024,4.354
"Asia and the Pacific: Upper-middle income",2023,4.43
"Asia and the Pacific: Upper-middle income",2022,4.703
"Asia and the Pacific: Upper-middle income",2021,4.455
"Asia and the Pacific: Upper-middle income",2020,4.864
"Asia and the Pacific: Upper-middle income",2019,4.439
"Asia and the Pacific: Upper-middle income",2018,4.392
"Asia and the Pacific: Upper-middle income",2017,4.444
"Asia and the Pacific: Upper-middle income",2016,4.581
"Asia and the Pacific: Upper-middle income",2015,4.62
"Asia and the Pacific: High income",2025,3
"Asia and the Pacific: High income",2024,2.928
"Asia and the Pacific: High income",2023,2.901
"Asia and the Pacific: High income",2022,2.973
"Asia and the Pacific: High income",2021,3.483
"Asia and the Pacific: High income",2020,3.699
"Asia and the Pacific: High income",2019,3.155
"Asia and the Pacific: High income",2018,3.26
"Asia and the Pacific: High income",2017,3.473
"Asia and the Pacific: High income",2016,3.667
"Asia and the Pacific: High income",2015,3.789
"Eastern Asia",2025,4.26
"Eastern Asia",2024,4.303
"Eastern Asia",2023,4.393
"Eastern Asia",2022,4.669
"Eastern Asia",2021,4.361
"Eastern Asia",2020,4.75
"Eastern Asia",2019,4.323
"Eastern Asia",2018,4.115
"Eastern Asia",2017,4.281
"Eastern Asia",2016,4.388
"Eastern Asia",2015,4.476
"Eastern Asia: Upper-middle income",2025,4.514
"Eastern Asia: Upper-middle income",2024,4.573
"Eastern Asia: Upper-middle income",2023,4.672
"Eastern Asia: Upper-middle income",2022,4.982
"Eastern Asia: Upper-middle income",2021,4.555
"Eastern Asia: Upper-middle income",2020,5.003
"Eastern Asia: Upper-middle income",2019,4.568
"Eastern Asia: Upper-middle income",2018,4.312
"Eastern Asia: Upper-middle income",2017,4.473
"Eastern Asia: Upper-middle income",2016,4.564
"Eastern Asia: Upper-middle income",2015,4.65
"Eastern Asia: High income",2025,2.75
"Eastern Asia: High income",2024,2.699
"Eastern Asia: High income",2023,2.742
"Eastern Asia: High income",2022,2.827
"Eastern Asia: High income",2021,3.216
"Eastern Asia: High income",2020,3.303
"Eastern Asia: High income",2019,2.866
"Eastern Asia: High income",2018,2.95
"Eastern Asia: High income",2017,3.14
"Eastern Asia: High income",2016,3.352
"Eastern Asia: High income",2015,3.46
"South-Eastern Asia and the Pacific",2025,2.491
"South-Eastern Asia and the Pacific",2024,2.523
"South-Eastern Asia and the Pacific",2023,2.546
"South-Eastern Asia and the Pacific",2022,2.662
"South-Eastern Asia and the Pacific",2021,3.267
"South-Eastern Asia and the Pacific",2020,3.129
"South-Eastern Asia and the Pacific",2019,2.526
"South-Eastern Asia and the Pacific",2018,2.796
"South-Eastern Asia and the Pacific",2017,2.777
"South-Eastern Asia and the Pacific",2016,2.957
"South-Eastern Asia and the Pacific",2015,3.032
"South-Eastern Asia and the Pacific: Lower-middle income",2025,1.762
"South-Eastern Asia and the Pacific: Lower-middle income",2024,1.876
"South-Eastern Asia and the Pacific: Lower-middle income",2023,1.977
"South-Eastern Asia and the Pacific: Lower-middle income",2022,2.062
"South-Eastern Asia and the Pacific: Lower-middle income",2021,2.894
"South-Eastern Asia and the Pacific: Lower-middle income",2020,2.019
"South-Eastern Asia and the Pacific: Lower-middle income",2019,1.591
"South-Eastern Asia and the Pacific: Lower-middle income",2018,1.479
"South-Eastern Asia and the Pacific: Lower-middle income",2017,1.941
"South-Eastern Asia and the Pacific: Lower-middle income",2016,1.955
"South-Eastern Asia and the Pacific: Lower-middle income",2015,1.985
"South-Eastern Asia and the Pacific: Upper-middle income",2025,2.832
"South-Eastern Asia and the Pacific: Upper-middle income",2024,2.826
"South-Eastern Asia and the Pacific: Upper-middle income",2023,2.837
"South-Eastern Asia and the Pacific: Upper-middle income",2022,2.987
"South-Eastern Asia and the Pacific: Upper-middle income",2021,3.356
"South-Eastern Asia and the Pacific: Upper-middle income",2020,3.628
"South-Eastern Asia and the Pacific: Upper-middle income",2019,2.972
"South-Eastern Asia and the Pacific: Upper-middle income",2018,3.534
"South-Eastern Asia and the Pacific: Upper-middle income",2017,3.125
"South-Eastern Asia and the Pacific: Upper-middle income",2016,3.447
"South-Eastern Asia and the Pacific: Upper-middle income",2015,3.539
"South-Eastern Asia and the Pacific: High income",2025,4.306
"South-Eastern Asia and the Pacific: High income",2024,4.138
"South-Eastern Asia and the Pacific: High income",2023,3.75
"South-Eastern Asia and the Pacific: High income",2022,3.756
"South-Eastern Asia and the Pacific: High income",2021,4.933
"South-Eastern Asia and the Pacific: High income",2020,5.896
"South-Eastern Asia and the Pacific: High income",2019,4.758
"South-Eastern Asia and the Pacific: High income",2018,4.999
"South-Eastern Asia and the Pacific: High income",2017,5.352
"South-Eastern Asia and the Pacific: High income",2016,5.465
"South-Eastern Asia and the Pacific: High income",2015,5.682
"South-Eastern Asia",2025,2.379
"South-Eastern Asia",2024,2.427
"South-Eastern Asia",2023,2.479
"South-Eastern Asia",2022,2.604
"South-Eastern Asia",2021,3.181
"South-Eastern Asia",2020,2.974
"South-Eastern Asia",2019,2.395
"South-Eastern Asia",2018,2.675
"South-Eastern Asia",2017,2.64
"South-Eastern Asia",2016,2.825
"South-Eastern Asia",2015,2.888
"Pacific Islands",2025,4.208
"Pacific Islands",2024,4.009
"Pacific Islands",2023,3.585
"Pacific Islands",2022,3.576
"Pacific Islands",2021,4.599
"Pacific Islands",2020,5.58
"Pacific Islands",2019,4.618
"Pacific Islands",2018,4.754
"Pacific Islands",2017,4.999
"Pacific Islands",2016,5.133
"Pacific Islands",2015,5.422
"Southern Asia",2025,4.76
"Southern Asia",2024,4.724
"Southern Asia",2023,4.693
"Southern Asia",2022,5.187
"Southern Asia",2021,6.495
"Southern Asia",2020,7.588
"Southern Asia",2019,6.388
"Southern Asia",2018,7.208
"Southern Asia",2017,7.094
"Southern Asia",2016,6.993
"Southern Asia",2015,7.071
"Southern Asia: Lower-middle income",2025,4.514
"Southern Asia: Lower-middle income",2024,4.462
"Southern Asia: Lower-middle income",2023,4.424
"Southern Asia: Lower-middle income",2022,4.936
"Southern Asia: Lower-middle income",2021,6.318
"Southern Asia: Lower-middle income",2020,7.452
"Southern Asia: Lower-middle income",2019,6.142
"Southern Asia: Lower-middle income",2018,6.942
"Southern Asia: Lower-middle income",2017,6.818
"Southern Asia: Lower-middle income",2016,6.716
"Southern Asia: Lower-middle income",2015,6.878
"Southern Asia: Upper-middle income",2025,8.969
"Southern Asia: Upper-middle income",2024,9.15
"Southern Asia: Upper-middle income",2023,8.996
"Southern Asia: Upper-middle income",2022,9.041
"Southern Asia: Upper-middle income",2021,9.242
"Southern Asia: Upper-middle income",2020,9.649
"Southern Asia: Upper-middle income",2019,10.689
"Southern Asia: Upper-middle income",2018,12.139
"Southern Asia: Upper-middle income",2017,12.181
"Southern Asia: Upper-middle income",2016,12.569
"Southern Asia: Upper-middle income",2015,11.134
"Europe and Central Asia",2025,5.51
"Europe and Central Asia",2024,5.471
"Europe and Central Asia",2023,5.69
"Europe and Central Asia",2022,5.971
"Europe and Central Asia",2021,6.889
"Europe and Central Asia",2020,7.09
"Europe and Central Asia",2019,6.627
"Europe and Central Asia",2018,6.874
"Europe and Central Asia",2017,7.471
"Europe and Central Asia",2016,8.063
"Europe and Central Asia",2015,8.54
"Europe and Central Asia: Lower-middle income",2025,5.386
"Europe and Central Asia: Lower-middle income",2024,5.294
"Europe and Central Asia: Lower-middle income",2023,5.367
"Europe and Central Asia: Lower-middle income",2022,5.403
"Europe and Central Asia: Lower-middle income",2021,6.12
"Europe and Central Asia: Lower-middle income",2020,6.146
"Europe and Central Asia: Lower-middle income",2019,5.711
"Europe and Central Asia: Lower-middle income",2018,5.947
"Europe and Central Asia: Lower-middle income",2017,6.26
"Europe and Central Asia: Lower-middle income",2016,5.758
"Europe and Central Asia: Lower-middle income",2015,5.717
"Europe and Central Asia: Upper-middle income",2025,7.826
"Europe and Central Asia: Upper-middle income",2024,7.703
"Europe and Central Asia: Upper-middle income",2023,8.137
"Europe and Central Asia: Upper-middle income",2022,8.642
"Europe and Central Asia: Upper-middle income",2021,9.635
"Europe and Central Asia: Upper-middle income",2020,10.006
"Europe and Central Asia: Upper-middle income",2019,9.901
"Europe and Central Asia: Upper-middle income",2018,9.22
"Europe and Central Asia: Upper-middle income",2017,9.546
"Europe and Central Asia: Upper-middle income",2016,9.766
"Europe and Central Asia: Upper-middle income",2015,9.675
"Europe and Central Asia: High income",2025,4.909
"Europe and Central Asia: High income",2024,4.905
"Europe and Central Asia: High income",2023,5.083
"Europe and Central Asia: High income",2022,5.31
"Europe and Central Asia: High income",2021,6.21
"Europe and Central Asia: High income",2020,6.379
"Europe and Central Asia: High income",2019,5.801
"Europe and Central Asia: High income",2018,6.298
"Europe and Central Asia: High income",2017,6.984
"Europe and Central Asia: High income",2016,7.737
"Europe and Central Asia: High income",2015,8.392
"Northern, Southern and Western Europe",2025,5.968
"Northern, Southern and Western Europe",2024,6.105
"Northern, Southern and Western Europe",2023,6.172
"Northern, Southern and Western Europe",2022,6.285
"Northern, Southern and Western Europe",2021,7.305
"Northern, Southern and Western Europe",2020,7.321
"Northern, Southern and Western Europe",2019,6.931
"Northern, Southern and Western Europe",2018,7.549
"Northern, Southern and Western Europe",2017,8.333
"Northern, Southern and Western Europe",2016,9.2
"Northern, Southern and Western Europe",2015,9.998
"Northern, Southern and Western Europe: Upper-middle income",2025,9.141
"Northern, Southern and Western Europe: Upper-middle income",2024,9.501
"Northern, Southern and Western Europe: Upper-middle income",2023,9.861
"Northern, Southern and Western Europe: Upper-middle income",2022,10.467
"Northern, Southern and Western Europe: Upper-middle income",2021,12.022
"Northern, Southern and Western Europe: Upper-middle income",2020,12.096
"Northern, Southern and Western Europe: Upper-middle income",2019,12.649
"Northern, Southern and Western Europe: Upper-middle income",2018,14.864
"Northern, Southern and Western Europe: Upper-middle income",2017,16.145
"Northern, Southern and Western Europe: Upper-middle income",2016,18.565
"Northern, Southern and Western Europe: Upper-middle income",2015,20.787
"Northern, Southern and Western Europe: High income",2025,5.866
"Northern, Southern and Western Europe: High income",2024,5.996
"Northern, Southern and Western Europe: High income",2023,6.053
"Northern, Southern and Western Europe: High income",2022,6.148
"Northern, Southern and Western Europe: High income",2021,7.15
"Northern, Southern and Western Europe: High income",2020,7.165
"Northern, Southern and Western Europe: High income",2019,6.742
"Northern, Southern and Western Europe: High income",2018,7.304
"Northern, Southern and Western Europe: High income",2017,8.07
"Northern, Southern and Western Europe: High income",2016,8.883
"Northern, Southern and Western Europe: High income",2015,9.635
"Northern Europe",2025,4.796
"Northern Europe",2024,5.043
"Northern Europe",2023,4.723
"Northern Europe",2022,4.445
"Northern Europe",2021,5.554
"Northern Europe",2020,5.347
"Northern Europe",2019,4.369
"Northern Europe",2018,4.75
"Northern Europe",2017,5.216
"Northern Europe",2016,5.678
"Northern Europe",2015,6.263
"Southern Europe",2025,8.479
"Southern Europe",2024,8.713
"Southern Europe",2023,9.432
"Southern Europe",2022,10
"Southern Europe",2021,11.548
"Southern Europe",2020,11.773
"Southern Europe",2019,11.65
"Southern Europe",2018,12.747
"Southern Europe",2017,14.159
"Southern Europe",2016,15.799
"Southern Europe",2015,17.245
"Western Europe",2025,4.903
"Western Europe",2024,4.904
"Western Europe",2023,4.725
"Western Europe",2022,4.737
"Western Europe",2021,5.342
"Western Europe",2020,5.346
"Western Europe",2019,5.042
"Western Europe",2018,5.444
"Western Europe",2017,5.931
"Western Europe",2016,6.463
"Western Europe",2015,6.892
"Eastern Europe",2025,3.883
"Eastern Europe",2024,3.661
"Eastern Europe",2023,4.009
"Eastern Europe",2022,4.459
"Eastern Europe",2021,5.208
"Eastern Europe",2020,5.572
"Eastern Europe",2019,4.701
"Eastern Europe",2018,5.134
"Eastern Europe",2017,5.724
"Eastern Europe",2016,6.235
"Eastern Europe",2015,6.605
"Eastern Europe: Upper-middle income",2025,7.44
"Eastern Europe: Upper-middle income",2024,7.41
"Eastern Europe: Upper-middle income",2023,7.48
"Eastern Europe: Upper-middle income",2022,7.567
"Eastern Europe: Upper-middle income",2021,8.18
"Eastern Europe: Upper-middle income",2020,7.981
"Eastern Europe: Upper-middle income",2019,7.062
"Eastern Europe: Upper-middle income",2018,7.618
"Eastern Europe: Upper-middle income",2017,8.321
"Eastern Europe: Upper-middle income",2016,8.227
"Eastern Europe: Upper-middle income",2015,8.08
"Eastern Europe: High income",2025,3.146
"Eastern Europe: High income",2024,2.908
"Eastern Europe: High income",2023,3.319
"Eastern Europe: High income",2022,3.802
"Eastern Europe: High income",2021,4.522
"Eastern Europe: High income",2020,5.006
"Eastern Europe: High income",2019,4.136
"Eastern Europe: High income",2018,4.542
"Eastern Europe: High income",2017,5.101
"Eastern Europe: High income",2016,5.755
"Eastern Europe: High income",2015,6.247
"Central Asia",2025,5.11
"Central Asia",2024,5.062
"Central Asia",2023,5.1
"Central Asia",2022,5.134
"Central Asia",2021,5.815
"Central Asia",2020,5.623
"Central Asia",2019,5.294
"Central Asia",2018,5.452
"Central Asia",2017,5.656
"Central Asia",2016,5.373
"Central Asia",2015,5.338
"Central and Western Asia: Lower-middle income",2025,5.386
"Central and Western Asia: Lower-middle income",2024,5.294
"Central and Western Asia: Lower-middle income",2023,5.367
"Central and Western Asia: Lower-middle income",2022,5.403
"Central and Western Asia: Lower-middle income",2021,6.12
"Central and Western Asia: Lower-middle income",2020,6.146
"Central and Western Asia: Lower-middle income",2019,5.711
"Central and Western Asia: Lower-middle income",2018,5.947
"Central and Western Asia: Lower-middle income",2017,6.26
"Central and Western Asia: Lower-middle income",2016,5.758
"Central and Western Asia: Lower-middle income",2015,5.717
"Central and Western Asia: Upper-middle income",2025,7.826
"Central and Western Asia: Upper-middle income",2024,7.601
"Central and Western Asia: Upper-middle income",2023,8.191
"Central and Western Asia: Upper-middle income",2022,8.884
"Central and Western Asia: Upper-middle income",2021,10.047
"Central and Western Asia: Upper-middle income",2020,10.776
"Central and Western Asia: Upper-middle income",2019,10.99
"Central and Western Asia: Upper-middle income",2018,9.305
"Central and Western Asia: Upper-middle income",2017,9.31
"Central and Western Asia: Upper-middle income",2016,9.4
"Central and Western Asia: Upper-middle income",2015,9.03
"Central and Western Asia: High income",2025,3.468
"Central and Western Asia: High income",2024,3.514
"Central and Western Asia: High income",2023,3.971
"Central and Western Asia: High income",2022,4.164
"Central and Western Asia: High income",2021,5.225
"Central and Western Asia: High income",2020,4.714
"Central and Western Asia: High income",2019,4.245
"Central and Western Asia: High income",2018,4.599
"Central and Western Asia: High income",2017,5.173
"Central and Western Asia: High income",2016,5.936
"Central and Western Asia: High income",2015,6.633
"Central and Western Asia",2025,6.967
"Central and Western Asia",2024,6.793
"Central and Western Asia",2023,7.254
"Central and Western Asia",2022,7.764
"Central and Western Asia",2021,8.805
"Central and Western Asia",2020,9.283
"Central and Western Asia",2019,9.342
"Central and Western Asia",2018,8.235
"Central and Western Asia",2017,8.344
"Central and Western Asia",2016,8.326
"Central and Western Asia",2015,8.09
"Western Asia",2025,8.165
"Western Asia",2024,7.911
"Western Asia",2023,8.645
"Western Asia",2022,9.459
"Western Asia",2021,10.774
"Western Asia",2020,11.709
"Western Asia",2019,11.926
"Western Asia",2018,10.003
"Western Asia",2017,10.064
"Western Asia",2016,10.246
"Western Asia",2015,9.914
"European Union 28",2025,5.526
"European Union 28",2024,5.639
"European Union 28",2023,5.723
"European Union 28",2022,5.804
"European Union 28",2021,6.708
"European Union 28",2020,6.694
"European Union 28",2019,6.268
"European Union 28",2018,6.826
"European Union 28",2017,7.634
"European Union 28",2016,8.532
"European Union 28",2015,9.411
"G20",2025,4.911
"G20",2024,4.91
"G20",2023,4.911
"G20",2022,5.278
"G20",2021,6.047
"G20",2020,6.714
"G20",2019,5.733
"G20",2018,5.955
"G20",2017,6.111
"G20",2016,6.225
"G20",2015,6.256
"ASEAN",2025,2.381
"ASEAN",2024,2.429
"ASEAN",2023,2.481
"ASEAN",2022,2.606
"ASEAN",2021,3.182
"ASEAN",2020,2.975
"ASEAN",2019,2.394
"ASEAN",2018,2.673
"ASEAN",2017,2.637
"ASEAN",2016,2.822
"ASEAN",2015,2.887
"BRICS",2025,5.053
"BRICS",2024,5.04
"BRICS",2023,5.106
"BRICS",2022,5.637
"BRICS",2021,6.273
"BRICS",2020,7.012
"BRICS",2019,6.15
"BRICS",2018,6.415
"BRICS",2017,6.522
"BRICS",2016,6.468
"BRICS",2015,6.285
"World excluding BRICS",2025,4.89
"World excluding BRICS",2024,4.913
"World excluding BRICS",2023,4.854
"World excluding BRICS",2022,5.01
"World excluding BRICS",2021,5.9
"World excluding BRICS",2020,6.305
"World excluding BRICS",2019,5.177
"World excluding BRICS",2018,5.266
"World excluding BRICS",2017,5.424
"World excluding BRICS",2016,5.589
"World excluding BRICS",2015,5.782
"G7",2025,4.414
"G7",2024,4.32
"G7",2023,4.07
"G7",2022,4.077
"G7",2021,5.253
"G7",2020,6.513
"G7",2019,4.26
"G7",2018,4.553
"G7",2017,4.993
"G7",2016,5.458
"G7",2015,5.828
"MENA",2025,9.481
"MENA",2024,9.84
"MENA",2023,9.535
"MENA",2022,9.599
"MENA",2021,10.401
"MENA",2020,10.878
"MENA",2019,10.136
"MENA",2018,10.786
"MENA",2017,11.187
"MENA",2016,11.034
"MENA",2015,11.014
"Arab League",2025,9.814
"Arab League",2024,10.195
"Arab League",2023,9.872
"Arab League",2022,9.943
"Arab League",2021,10.864
"Arab League",2020,11.337
"Arab League",2019,10.212
"Arab League",2018,10.655
"Arab League",2017,11.115
"Arab League",2016,10.855
"Arab League",2015,11.139
"CARICOM",2025,11.42
"CARICOM",2024,11.51
"CARICOM",2023,11.19
"CARICOM",2022,11.295
"CARICOM",2021,12.162
"CARICOM",2020,12.618
"CARICOM",2019,11.011
"CARICOM",2018,11.06
"CARICOM",2017,11.351
"CARICOM",2016,11.61
"CARICOM",2015,11.475
"European Union 27",2025,5.785
"European Union 27",2024,5.881
"European Union 27",2023,5.997
"European Union 27",2022,6.13
"European Union 27",2021,7.006
"European Union 27",2020,7.05
"European Union 27",2019,6.688
"European Union 27",2018,7.253
"European Union 27",2017,8.133
"European Union 27",2016,9.107
"European Union 27",2015,10.019
"Arab States: Low income",2025,14.999
"Arab States: Low income",2024,15.199
"Arab States: Low income",2023,15.334
"Arab States: Low income",2022,15.559
"Arab States: Low income",2021,16.803
"Arab States: Low income",2020,16.767
"Arab States: Low income",2019,15.576
"Arab States: Low income",2018,15.894
"Arab States: Low income",2017,16.544
"Arab States: Low income",2016,16.494
"Arab States: Low income",2015,16.339
"APEC",2025,3.867
"APEC",2024,3.854
"APEC",2023,3.875
"APEC",2022,4.1
"APEC",2021,4.349
"APEC",2020,5.005
"APEC",2019,3.949
"APEC",2018,3.929
"APEC",2017,4.095
"APEC",2016,4.294
"APEC",2015,4.425
"World excluding India and China",2025,5.294
"World excluding India and China",2024,5.296
"World excluding India and China",2023,5.26
"World excluding India and China",2022,5.494
"World excluding India and China",2021,6.516
"World excluding India and China",2020,6.871
"World excluding India and China",2019,5.745
"World excluding India and China",2018,5.835
"World excluding India and China",2017,6.017
"World excluding India and China",2016,6.112
"World excluding India and China",2015,6.126
"World: Lower-middle income excluding India",2025,4.623
"World: Lower-middle income excluding India",2024,4.66
"World: Lower-middle income excluding India",2023,4.659
"World: Lower-middle income excluding India",2022,4.866
"World: Lower-middle income excluding India",2021,5.698
"World: Lower-middle income excluding India",2020,5.638
"World: Lower-middle income excluding India",2019,4.855
"World: Lower-middle income excluding India",2018,4.78
"World: Lower-middle income excluding India",2017,4.819
"World: Lower-middle income excluding India",2016,4.666
"World: Lower-middle income excluding India",2015,4.852
"World: Upper-middle income excluding China",2025,6.967
"World: Upper-middle income excluding China",2024,6.954
"World: Upper-middle income excluding China",2023,6.95
"World: Upper-middle income excluding China",2022,7.418
"World: Upper-middle income excluding China",2021,8.751
"World: Upper-middle income excluding China",2020,9.05
"World: Upper-middle income excluding China",2019,7.984
"World: Upper-middle income excluding China",2018,8.008
"World: Upper-middle income excluding China",2017,8.004
"World: Upper-middle income excluding China",2016,7.911
"World: Upper-middle income excluding China",2015,7.309
"South Africa",2024,32.279
"South Africa",2023,32.098
"South Africa",2022,33.268
"South Africa",2021,34.007
"South Africa",2020,29.217
"South Africa",2019,28.468
"South Africa",2018,26.906
"South Africa",2017,27.035
"South Africa",2016,26.536
"South Africa",2015,25.149
"Zambia",2023,5.861
"Zambia",2022,5.993
"Zambia",2021,5.197
"Zambia",2020,6.032
"Zambia",2019,5.538
"Zambia",2018,5.032
"Zambia",2017,4.529
"Zambia",2015,11.888
"Zimbabwe",2024,12.13
"Zimbabwe",2023,9.29
"Zimbabwe",2022,10.001
"Zimbabwe",2021,9.459
"Zimbabwe",2019,7.373
